Status	SRR7650753	SRR7650755	SRR7650836	SRR7650838	SRR7650870	SRR7650874	SRR7650796	SRR7650798
Assigned	6786836	5143384	7194914	7192538	6325240	5264218	1881165	2255070
Unassigned_Unmapped	0	0	0	0	0	0	0	0
Unassigned_Read_Type	0	0	0	0	0	0	0	0
Unassigned_Singleton	0	0	0	0	0	0	0	0
Unassigned_MappingQuality	0	0	0	0	0	0	0	0
Unassigned_Chimera	0	0	0	0	0	0	0	0
Unassigned_FragmentLength	0	0	0	0	0	0	0	0
Unassigned_Duplicate	0	0	0	0	0	0	0	0
Unassigned_MultiMapping	0	0	0	0	0	0	0	0
Unassigned_Secondary	0	0	0	0	0	0	0	0
Unassigned_NonSplit	0	0	0	0	0	0	0	0
Unassigned_NoFeatures	9416869	9305520	10116201	14417777	28977695	13516628	17971315	25909050
Unassigned_Overlapping_Length	0	0	0	0	0	0	0	0
Unassigned_Ambiguity	2904	3882	1621	2708	4131	2689	1218	1395
